id,x,y,z,yaw,pitch,roll
1,-284.897,226.139,-12.5833,2.44834,0.0141315,0.0375936
2,-285.116,226.325,-12.6053,2.44817,0.0130981,0.0394693
3,-285.339,226.522,-12.6087,2.44841,0.0125941,0.0365091
4,-285.559,226.722,-12.6184,2.44877,0.0118936,0.034006
5,-285.779,226.916,-12.6221,2.44997,0.01112,0.0319637
6,-285.998,227.112,-12.6256,2.45035,0.0109201,0.0315353
7,-286.213,227.302,-12.6227,2.44978,0.0104601,0.0320315
